{
    "sharpe_ratio": 1.2240194156959276,
    "calmar_ratio": 0.6184907820157273,
    "profit_loss_ratio": 0.793594602993447,
    "trade_count": 10161.444444444445
}