{
    "sharpe_ratio": 1.4583233168360483,
    "calmar_ratio": 1.0407019828291397,
    "profit_loss_ratio": 0.8192273345631381,
    "trade_count": 5791.6
}