{
    "sharpe_ratio": 1.545238099122986,
    "calmar_ratio": 1.1186082976107738,
    "profit_loss_ratio": 0.8032493466810324,
    "trade_count": 7035.944444444444
}