{
    "sharpe_ratio": 1.6158522031884293,
    "calmar_ratio": 1.488715392664891,
    "profit_loss_ratio": 0.8268278074358472,
    "trade_count": 3713.6
}